Feedstock_flow,pathway,identifier,Chemical,Tier 1,Feedstock,Long name,High TRL,Price (billion USD / MMT),GHG emissions (MMT CO2e/MMT),Fossil fuel depletion (MMT oil eq/MMT),"Human toxicity (MMT 1,4-DCB eq/MMT)",Land use (km2*a crop eq/MMT),Water depletion (km3/MMT),Feedstock use (MMT/MMT),Electricity use (TWh/MMT),Hydrogen use (MMT/MMT),Co-product,Co-product 1 long name,Co-product 1 amount (MMT/MMT),Co-product 2 long name,Co-product 2 amount (MMT/MMT),Co-product 3 long name,Co-product 3 amount (MMT/MMT),Co-product 4 long name,Co-product 4 amount (MMT/MMT),Total product flow,mass fraction of main poduct,total feedstock inflow for 1 MMT product,MMT product per 1 MMT feedstock,product_flow,price_total,ghg_emissions,human_toxicity,electricity_use,hydrogen_use,product_name
0.764532094410345,Conventional benzene conversion to acetone,10,Acetone,False,Benzene,Conventional benzene conversion to acetone,True,0.28,1.599827779,0.790029058,0.367306954,7.6125,0.005520707,0.563,0.139,0.0,True,Conventional benzene conversion to phenol,1.626,0,0.0,0,0.0,0,0.0,2.626,0.38080731150038083,1.4784379999999997,0.676389540853252,0.5171215123057883,0.14479402344562073,0.8273053605052905,0.18994232753291262,0.07187989021050457,0.0,Acetone
4.43521051014192e-14,Biomass pyrolysis to benzene,26,Benzene,True,Woody biomass,Biomass pyrolysis to benzene,False,0.391,-2.384617078,0.33142,0.32519,2328.6,0.0052699,2.91,0.362,0.0,True,Biomass pyrolysis to toluene,2.32,Biomass pyrolysis to xylenes,2.24,Biomass pyrolysis to ethylene,2.05,Biomass pyrolysis to propylene,2.7,10.31,0.09699321047526673,30.002100000000002,0.0333310001633219,1.4783000223790733e-15,5.780153087502177e-16,-3.52517947977292e-15,4.807283842774509e-16,5.351446081012245e-16,0.0,Benzene
-3.97694512065973e-14,Biomass to benzene via syngas and MTA,28,Benzene,True,Woody biomass,Biomass to benzene via syngas and MTA,True,0.93,-2.08,0.251,3.8073,4616.0,0.0086,5.6,0.152,0.0,True,Biomass to toluene via syngas and MTA,3.16,Biomass to xylenes via syngas and MTA,6.48,0,0.0,0,0.0,10.64,0.09398496240601503,59.583999999999996,0.016783029001074114,-6.674518529571245e-16,-6.207302232501258e-16,1.388299854150819e-15,-2.54118943976366e-15,-1.0145268164948292e-16,-0.0,Benzene
0.0,Plastic to benzene via syngas and MTA,29,Benzene,True,Polyolefins,Plastic to benzene via syngas and MTA,False,1.35,0.083,-0.735852494,1.347541336,5.8,0.004,1.86,1.293,0.0,True,Plastic to toluene via syngas and MTA,3.16,Plastic to xylenes via syngas and MTA,6.48,0,0.0,0,0.0,10.64,0.09398496240601503,19.7904,0.05052954968065324,0.0,0.0,0.0,0.0,0.0,0.0,Benzene
0.0,CO2 to benzene via syngas and MTA,30,Benzene,True,Carbon dioxide,CO2 to benzene via syngas and MTA,False,1.53,-2.06,0.2778,3.12,338.8,0.09097,3.72,14.04,0.3472,True,CO2 to toluene via syngas and MTA,3.16,CO2 to xylenes via syngas and MTA,6.48,0,0.0,0,0.0,10.64,0.09398496240601503,39.5808,0.02526477484032662,0.0,0.0,-0.0,0.0,0.0,0.0,Benzene
0.0,CO2 to benzene via thermochem and MTA,31,Benzene,True,Carbon dioxide,CO2 to benzene via thermochem and MTA,True,1.74,-2.403617078,0.156099672,2.759022918,291.0,0.077,3.47,0.896,0.496,True,CO2 to toluene via thermochem and MTA,3.16,CO2 to xylenes via thermochem and MTA,6.48,0,0.0,0,0.0,10.64,0.09398496240601503,36.92080000000001,0.02708500357522047,0.0,0.0,-0.0,0.0,0.0,0.0,Benzene
0.0,CO2 to benzene via electrochem and MTA,32,Benzene,True,Carbon dioxide,CO2 to benzene via electrochem and MTA,False,2.81,-2.15,0.232,2.87,326.2,0.086482,3.45,31.65,0.0,True,CO2 to toluene via electrochem and MTA,3.16,CO2 to xylenes via electrochem and MTA,6.48,0,0.0,0,0.0,10.64,0.09398496240601503,36.708000000000006,0.027242018088700005,0.0,0.0,-0.0,0.0,0.0,0.0,Benzene
4.43521051014192e-14,Biomass pyrolysis to ethylene,52,Ethylene,True,Woody biomass,Biomass pyrolysis to ethylene,False,0.34,-2.14,0.33,0.326,2335.0,0.005,2.83,0.353,0.0,True,Biomass pyrolysis to propylene,1.0,Biomass pyrolysis to benzene,0.49,Biomass pyrolysis to toluene,1.13,Biomass pyrolysis to xylenes,1.09,4.71,0.21231422505307856,13.3293,0.07502269436504543,3.327414425470145e-15,1.1313209046598493e-15,-7.120666870506111e-15,1.0847371027032672e-15,1.1745772921909611e-15,0.0,Ethylene
0.0,CO2 to ethylene via thermochem and methanol-to-olefins,53,Ethylene,True,Carbon dioxide,CO2 to ethylene via thermochem and methanol-to-olefins,True,0.51,-0.733967914,0.599461739,3.041703917,290.0,0.076453009,3.39,0.806,0.484,True,CO2 to propylene via thermochem and methanol-to-olefins,1.0,0,0.0,0,0.0,0,0.0,2.0,0.5,6.78,0.14749262536873156,0.0,0.0,-0.0,0.0,0.0,0.0,Ethylene
0.0,Biomass to ethylene via syngas and methanol-to-olefins,55,Ethylene,True,Woody biomass,Biomass to ethylene via syngas and methanol-to-olefins,True,0.66,-0.447165409,0.692166997,4.063407964,4500.0,0.009443695,5.47,0.0,0.0,True,Biomass to propylene via syngas and methanol-to-olefins,1.0,0,0.0,0,0.0,0,0.0,2.0,0.5,10.94,0.09140767824497258,0.0,0.0,-0.0,0.0,0.0,0.0,Ethylene
0.0,CO2 to ethylene via syngas and methanol-to-olefins,56,Ethylene,True,Carbon dioxide,CO2 to ethylene via syngas and methanol-to-olefins,False,1.03,-0.429278796,0.71807281,3.394711048,340.0,0.089714611,3.63,13.63,0.333,True,CO2 to propylene via syngas and methanol-to-olefins,1.0,0,0.0,0,0.0,0,0.0,2.0,0.5,7.26,0.13774104683195593,0.0,0.0,-0.0,0.0,0.0,0.0,Ethylene
0.0,CO2 to ethylene via electrochem and methanol-to-olefins,58,Ethylene,True,Carbon dioxide,CO2 to ethylene via electrochem and methanol-to-olefins,False,1.68,-0.512679507,0.673634288,3.150070113,320.0,0.085343987,4.6,42.1,0.0,True,CO2 to propylene via electrochem and methanol-to-olefins,1.0,0,0.0,0,0.0,0,0.0,2.0,0.5,9.2,0.10869565217391305,0.0,0.0,-0.0,0.0,0.0,0.0,Ethylene
0.764532094410345,Conventional benzene conversion to phenol,94,Phenol,False,Benzene,Conventional benzene conversion to phenol,True,0.378,1.600978038,0.790365303,0.365206478,7.471,0.00548747,0.563,0.139,0.0,True,Conventional benzene conversion to acetone,0.615,0,0.0,0,0.0,0,0.0,1.615,0.6191950464396285,0.9092449999999999,1.0998135815979193,0.8408427810000001,0.317838571218,1.3461708257918439,0.30708123060073533,0.11687714655900003,0.0,Phenol
0.0,Biomass to propylene via syngas and methanol-to-olefins,102,Propylene,True,Woody biomass,Biomass to propylene via syngas and methanol-to-olefins,True,0.89,-0.446717991,0.692166997,4.063407964,4500.0,0.009443695,5.47,0.0,0.0,True,Biomass to ethylene via syngas and methanol-to-olefins,1.0,0,0.0,0,0.0,0,0.0,2.0,0.5,10.94,0.09140767824497258,0.0,0.0,-0.0,0.0,0.0,0.0,Propylene
0.0,CO2 to propylene via syngas and methanol-to-olefins,103,Propylene,True,Carbon dioxide,CO2 to propylene via syngas and methanol-to-olefins,False,1.39,-0.428831378,0.71807281,3.394711048,340.0,0.089714611,3.63,13.63,0.333,True,CO2 to ethylene via syngas and methanol-to-olefins,1.0,0,0.0,0,0.0,0,0.0,2.0,0.5,7.26,0.13774104683195593,0.0,0.0,-0.0,0.0,0.0,0.0,Propylene
0.0,CO2 to propylene via thermochem and methanol-to-olefins,106,Propylene,True,Carbon dioxide,CO2 to propylene via thermochem and methanol-to-olefins,True,1.57,-0.733520496,0.599461739,3.041703917,290.0,0.076453009,3.39,0.806,0.484,True,CO2 to ethylene via thermochem and methanol-to-olefins,1.0,0,0.0,0,0.0,0,0.0,2.0,0.5,6.78,0.14749262536873156,0.0,0.0,-0.0,0.0,0.0,0.0,Propylene
0.0,Biomass pyrolysis to propylene,107,Propylene,True,Woody biomass,Biomass pyrolysis to propylene,False,2.0,-2.151520496,0.32797,0.321813,2304.5,0.0052151,2.8,0.35,0.0,True,Biomass pyrolysis to ethylene,0.76,Biomass pyrolysis to benzene,0.37,Biomass pyrolysis to toluene,0.86,Biomass pyrolysis to xylenes,0.83,3.82,0.2617801047120419,10.696,0.09349289454001496,0.0,0.0,-0.0,0.0,0.0,0.0,Propylene
0.0,CO2 to propylene via electrochem and methanol-to-olefins,108,Propylene,True,Carbon dioxide,CO2 to propylene via electrochem and methanol-to-olefins,False,2.27,-0.512232089,0.673634288,3.150070113,320.0,0.085343987,4.6,42.1,0.0,True,CO2 to ethylene via electrochem and methanol-to-olefins,1.0,0,0.0,0,0.0,0,0.0,2.0,0.5,9.2,0.10869565217391305,0.0,0.0,-0.0,0.0,0.0,0.0,Propylene
4.43521051014192e-14,Biomass pyrolysis to toluene,117,Toluene,True,Woody biomass,Biomass pyrolysis to toluene,False,0.391,-2.384617078,0.33142,0.32519,2328.6,0.0052699,2.88,0.358,0.0,True,Biomass pyrolysis to benzene,0.43,Biomass pyrolysis to xylenes,0.965,Biomass pyrolysis to ethylene,0.88,Biomass pyrolysis to propylene,1.16,4.435,0.22547914317925594,12.772799999999998,0.07829136915946387,3.4723870334945518e-15,1.3577033300963698e-15,-8.280313421496866e-15,1.1291855394220932e-15,1.2431145579910495e-15,0.0,Toluene
-3.97694512065973e-14,Biomass to toluene via syngas and MTA,119,Toluene,True,Woody biomass,Biomass to toluene via syngas and MTA,True,0.93,-2.08,0.251,3.8073,4616.0,0.0086,5.6,0.152,0.0,True,Biomass to benzene via syngas and MTA,0.316,Biomass to xylenes via syngas and MTA,2.05,0,0.0,0,0.0,3.3659999999999997,0.29708853238265004,18.8496,0.05305152363975894,-2.1098299808270365e-15,-1.962141882169144e-15,4.388446360120236e-15,-8.032755686002776e-15,-3.206941570857095e-16,-0.0,Toluene
0.0,Plastic to toluene via syngas and MTA,120,Toluene,True,Polyolefins,Plastic to toluene via syngas and MTA,False,1.35,0.083,-0.735852494,1.347541336,5.8,0.004,1.86,1.293,0.0,True,Plastic to benzene via syngas and MTA,0.316,Plastic to xylenes via syngas and MTA,2.05,0,0.0,0,0.0,3.3659999999999997,0.29708853238265004,6.26076,0.1597250174100269,0.0,0.0,0.0,0.0,0.0,0.0,Toluene
0.0,CO2 to toluene via syngas and MTA,121,Toluene,True,Carbon dioxide,CO2 to toluene via syngas and MTA,False,1.53,-2.06,0.2778,3.12,338.8,0.09097,3.72,14.04,0.3472,True,CO2 to benzene via syngas and MTA,0.316,CO2 to xylenes via syngas and MTA,2.05,0,0.0,0,0.0,3.3659999999999997,0.29708853238265004,12.52152,0.07986250870501345,0.0,0.0,-0.0,0.0,0.0,0.0,Toluene
0.0,CO2 to toluene via thermochem and MTA,122,Toluene,True,Carbon dioxide,CO2 to toluene via thermochem and MTA,True,1.74,-2.403617078,0.156099672,2.759022918,291.0,0.077,3.47,0.896,0.496,True,CO2 to benzene via thermochem and MTA,0.316,CO2 to xylenes via thermochem and MTA,2.05,0,0.0,0,0.0,3.3659999999999997,0.29708853238265004,11.68002,0.08561629175292508,0.0,0.0,-0.0,0.0,0.0,0.0,Toluene
0.0,CO2 to toluene via electrochem and MTA,123,Toluene,True,Carbon dioxide,CO2 to toluene via electrochem and MTA,False,2.81,-2.15,0.232,2.87,326.2,0.086482,3.45,31.65,0.0,True,CO2 to benzene via electrochem and MTA,0.316,CO2 to xylenes via electrochem and MTA,2.05,0,0.0,0,0.0,3.3659999999999997,0.29708853238265004,11.6127,0.08611261808192755,0.0,0.0,-0.0,0.0,0.0,0.0,Toluene
4.43521051014192e-14,Biomass pyrolysis to xylenes,127,Xylenes,True,Woody biomass,Biomass pyrolysis to xylenes,False,0.391,-2.384617078,0.33142,0.32519,2328.6,0.0052699,2.85,0.355,0.0,True,Biomass pyrolysis to benzene,0.446,Biomass pyrolysis to toluene,1.04,Biomass pyrolysis to ethylene,0.916,Biomass pyrolysis to propylene,1.2,4.602,0.21729682746631898,13.1157,0.07624450086537508,3.381604115786363e-15,1.322207209272468e-15,-8.06383092553925e-15,1.0996638424125673e-15,1.2004694611041588e-15,0.0,Xylenes
0.0,Biomass to xylenes via syngas and MTA,129,Xylenes,True,Woody biomass,Biomass to xylenes via syngas and MTA,True,0.93,-2.08,0.251,3.8073,4616.0,0.0086,5.6,0.152,0.0,True,Biomass to benzene via syngas and MTA,0.154,Biomass to toluene via syngas and MTA,0.488,0,0.0,0,0.0,1.642,0.6090133982947625,9.195199999999998,0.10875239255263618,0.0,0.0,-0.0,0.0,0.0,0.0,Xylenes
0.0,Plastic to xylenes via syngas and MTA,130,Xylenes,True,Polyolefins,Plastic to xylenes via syngas and MTA,False,1.35,0.083,-0.735852494,1.347541336,5.8,0.004,1.86,1.293,0.0,True,Plastic to benzene via syngas and MTA,0.154,Plastic to toluene via syngas and MTA,0.488,0,0.0,0,0.0,1.642,0.6090133982947625,3.0541199999999997,0.3274265582229906,0.0,0.0,0.0,0.0,0.0,0.0,Xylenes
0.0,CO2 to xylenes via syngas and MTA,131,Xylenes,True,Carbon dioxide,CO2 to xylenes via syngas and MTA,False,1.53,-2.06,0.2778,3.12,338.8,0.09097,3.72,14.04,0.3472,True,CO2 to benzene via syngas and MTA,0.154,CO2 to toluene via syngas and MTA,0.488,0,0.0,0,0.0,1.642,0.6090133982947625,6.1082399999999994,0.1637132791114953,0.0,0.0,-0.0,0.0,0.0,0.0,Xylenes
0.0,CO2 to xylenes via thermochem and MTA,132,Xylenes,True,Carbon dioxide,CO2 to xylenes via thermochem and MTA,True,1.74,-2.403617078,0.156099672,2.759022918,291.0,0.077,3.47,0.896,0.496,True,CO2 to benzene via thermochem and MTA,0.154,CO2 to toluene via thermochem and MTA,0.488,0,0.0,0,0.0,1.642,0.6090133982947625,5.69774,0.17550818394661744,0.0,0.0,-0.0,0.0,0.0,0.0,Xylenes
0.0,CO2 to xylenes via electrochem and MTA,133,Xylenes,True,Carbon dioxide,CO2 to xylenes via electrochem and MTA,False,2.81,-2.15,0.232,2.87,326.2,0.086482,3.45,31.65,0.0,True,CO2 to benzene via electrochem and MTA,0.154,CO2 to toluene via electrochem and MTA,0.488,0,0.0,0,0.0,1.642,0.6090133982947625,5.6649,0.17652562269413405,0.0,0.0,-0.0,0.0,0.0,0.0,Xylenes
0.0,"Ethanol fermentation to 1,4-BDO",0,"1,4-Butanediol",False,Ethanol,"Ethanol fermentation to 1,4-BDO",False,0.829,1.484839476,1.385075059,2.012409868,168.3,0.041957066,0.767,0.256,0.0,False,0,0.0,0,0.0,0,0.0,0,0.0,1.0,1.0,0.767,1.303780964797914,0.0,0.0,0.0,0.0,0.0,0.0,"1,4-Butanediol"
0.17529561188,"Conventional 1,4-butanediol production",1,"1,4-Butanediol",False,Butadiene,"Conventional 1,4-butanediol production",True,1.21,3.84,1.8,2.99,91.0,0.204,0.71,0.418,0.041,False,0,0.0,0,0.0,0,0.0,0,0.0,1.0,1.0,0.71,1.4084507042253522,0.24689522800000002,0.29874322588,0.94807767552,0.7382167317200001,0.10320220530400001,0.010122704348000002,"1,4-Butanediol"
0.17864533584,"Biomass fermentation to 1,4-BDO",2,"1,4-Butanediol",False,Herbaceous biomass,"Biomass fermentation to 1,4-BDO",False,1.89,0.048428322,0.446818935,1.137748601,930.9,0.031340134,5.23,-0.414,0.0,False,0,0.0,0,0.0,0,0.0,0,0.0,1.0,1.0,5.23,0.19120458891013384,0.034157808,0.06455825711999999,0.0016542053246381759,0.03886299826522661,-0.014141332512,0.0,"1,4-Butanediol"
0.43529325994,Propylene conventional conversion to 2-ethylhexanol,3,2-Ethylhexanol,False,Propylene,Propylene conventional conversion to 2-ethylhexanol,True,0.4,1.285,0.431,0.243,3.86,5.83e-06,0.77,0.344,0.0,False,0,0.0,0,0.0,0,0.0,0,0.0,1.0,1.0,0.77,1.2987012987012987,0.565315922,0.22612636880000003,0.7264309597699999,0.13737176904600001,0.19446867716799998,0.0,2-Ethylhexanol
0.0,Biomass gasification to 2-ethylhexanol via syngas,4,2-Ethylhexanol,False,Woody biomass,Biomass gasification to 2-ethylhexanol via syngas,False,2.0,-0.485149149,0.762492068,1.431039924,3530.0,0.017584886,8.03,8.0,0.0,False,0,0.0,0,0.0,0,0.0,0,0.0,1.0,1.0,8.03,0.12453300124533002,0.0,0.0,-0.0,0.0,0.0,0.0,2-Ethylhexanol
1.17929145432,Conventional acetic acid production,5,Acetic acid,False,Methanol,Conventional acetic acid production,True,0.315,2.005,0.802,1.706,26.6,0.02,0.56,0.09,0.0,False,0,0.0,0,0.0,0,0.0,0,0.0,1.0,1.0,0.56,1.7857142857142856,2.1058775969999997,0.6633514430549999,4.222284581984999,3.5926271804819994,0.18952898372999996,0.0,Acetic acid
3.090045412365,Biomass to acetic acid via syngas fermentation,6,Acetic acid,False,Woody biomass,Biomass to acetic acid via syngas fermentation,False,0.37,-0.3186,0.123998012,0.634289269,1793.0,0.004028672,2.085,0.207,0.0,False,0,0.0,0,0.0,0,0.0,0,0.0,1.0,1.0,2.085,0.47961630695443647,1.482036169,0.54835338253,-0.47217672344339995,0.9400396382665704,0.30678148698299995,0.0,Acetic acid
0.0,CO2 fermentation to acetic acid,7,Acetic acid,False,Carbon dioxide,CO2 fermentation to acetic acid,False,0.97,-0.9066,0.139134739,1.478793029,460.0,0.02531406,1.47,0.2047,0.1333,False,0,0.0,0,0.0,0,0.0,0,0.0,1.0,1.0,1.47,0.6802721088435374,0.0,0.0,-0.0,0.0,0.0,0.0,Acetic acid
0.0,CO2 electrolysynthesis to acetic acid,8,Acetic acid,False,Carbon dioxide,CO2 electrolysynthesis to acetic acid,False,5.42,-1.0196,0.122637143,0.971014936,98.7,0.026380295,1.47,9.04,-0.00135,False,0,0.0,0,0.0,0,0.0,0,0.0,1.0,1.0,1.47,0.6802721088435374,0.0,0.0,-0.0,0.0,0.0,-0.0,Acetic acid
0.74892579872,Conventional methanol conversion via acetic acid to acetic anhydride,9,Acetic anhydride,False,Methanol,Conventional methanol conversion via acetic acid to acetic anhydride,True,0.235,1.312387493,0.391294056,0.327473003,8.42,0.002138419,0.688,0.521,0.0,False,0,0.0,0,0.0,0,0.0,0,0.0,1.0,1.0,0.688,1.4534883720930234,1.08855494,0.2558104109,1.4286058886993653,0.3564723551322848,0.56713712374,0.0,Acetic anhydride
0.899209803370045,Conventional acetone production,11,Acetone,False,Benzene,Conventional acetone production,True,0.28,1.599827779,0.790029058,0.367306954,7.6125,0.005520707,1.478,0.139,0.0,False,0,0.0,0,0.0,0,0.0,0,0.0,1.0,1.0,1.478,0.6765899864682002,0.6083963486942117,0.17035097763437929,0.9733293792831702,0.22346820966359277,0.08456709246849543,0.0,Acetone
0.0,CO2 fermentation to acetone,12,Acetone,False,Carbon dioxide,CO2 fermentation to acetone,False,0.92,-2.193961197,0.023185632,0.15134228,15.28,0.004084728,2.84,1.39,0.0,False,0,0.0,0,0.0,0,0.0,0,0.0,1.0,1.0,2.84,0.35211267605633806,0.0,0.0,-0.0,0.0,0.0,0.0,Acetone
0.959606521758,Propylene conventional conversion to acrylic acid,13,Acrylic acid,False,Propylene,Propylene conventional conversion to acrylic acid,True,0.3,0.765,0.228,0.33,16.3,0.0048,0.699,1.21,0.0,False,0,0.0,0,0.0,0,0.0,0,0.0,1.0,1.0,0.699,1.430615164520744,1.372827642,0.4118482926,1.0502131461300002,0.45303312186000005,1.66112144682,0.0,Acrylic acid
0.0,Food waste dehydration via lactic acid,14,Acrylic acid,False,Food waste,Food waste dehydration via lactic acid,False,1.77,-0.63100538,0.535656839,1.209348758,50.0,0.022351921,8.3,0.307,0.0,False,0,0.0,0,0.0,0,0.0,0,0.0,1.0,1.0,8.3,0.12048192771084336,0.0,0.0,-0.0,0.0,0.0,0.0,Acrylic acid
0.0,Biomass fermentation to acrylic acid,15,Acrylic acid,False,Herbaceous biomass,Biomass fermentation to acrylic acid,True,2.17,1.154176302,0.830208,2.407925896,1600.0,0.066285071,8.917,-0.75,0.0,False,0,0.0,0,0.0,0,0.0,0,0.0,1.0,1.0,8.917,0.112145340361108,0.0,0.0,0.0,0.0,-0.0,0.0,Acrylic acid
1.04020218914,Propylene conventional conversion to acrylonitril,16,Acrylonitrile,False,Propylene,Propylene conventional conversion to acrylonitril,True,0.714,2.522,0.684,6.09,-55.9,0.0433,1.03,3.5,0.0,False,0,0.0,0,0.0,0,0.0,0,0.0,1.0,1.0,1.03,0.970873786407767,1.0099050379999999,0.7210721971319999,2.5469805058359993,6.1503216814199995,3.5346676329999998,0.0,Acrylonitrile
5.16912723288003,Food waste to acrylonitrile via VFAs,17,Acrylonitrile,False,Food waste,Food waste to acrylonitrile via VFAs,False,3.09,-0.215,0.628,1.38,46.1,0.0358542,19.92,0.05,-0.04,False,0,0.0,0,0.0,0,0.0,0,0.0,1.0,1.0,19.92,0.0502008032128514,0.25949433900000146,0.8018375075100045,-0.055791282885000314,0.35810218782000197,0.012974716950000074,-0.010379773560000059,Acrylonitrile
1.3188087011925,Conventional butadiene conversion to adipic acid,18,Adipic acid,False,Butadiene,Conventional butadiene conversion to adipic acid,True,1.13,0.712840541,0.313053354,-2.248914162,-175.77,-0.039161067,1.2075,0.515,0.004,False,0,0.0,0,0.0,0,0.0,0,0.0,1.0,1.0,1.2075,0.8281573498964803,1.092181119,1.2341646644699997,0.7785509797379454,-2.456221585988107,0.562473276285,0.004368724476,Adipic acid
0.0,Conventional benzene conversion to adipic acid,19,Adipic acid,False,Benzene,Conventional benzene conversion to adipic acid,True,1.14,5.290501199,1.454657331,2.442610582,63.155,0.020837788,0.791,0.306,0.14,False,0,0.0,0,0.0,0,0.0,0,0.0,1.0,1.0,0.791,1.2642225031605563,0.0,0.0,0.0,0.0,0.0,0.0,Adipic acid
0.0,PET to adipic acid via TPA fermentation,20,Adipic acid,False,Polyethylene terephthalate,PET to adipic acid via TPA fermentation,False,1.52,1.537782762,0.533987528,4.230139506,84.78,0.012344529,1.73,2.314,0.0,False,0,0.0,0,0.0,0,0.0,0,0.0,1.0,1.0,1.73,0.5780346820809249,0.0,0.0,0.0,0.0,0.0,0.0,Adipic acid
0.0,Biomass fermentation to adipic acid,21,Adipic acid,False,Herbaceous biomass,Biomass fermentation to adipic acid,False,3.11,2.71803269,0.871914136,6.446824679,1505.0,0.091428348,8.012,-0.079,0.031,False,0,0.0,0,0.0,0,0.0,0,0.0,1.0,1.0,8.012,0.12481278082875685,0.0,0.0,0.0,0.0,-0.0,0.0,Adipic acid
0.0,PS to adipic acid via benzoic acid,22,Adipic acid,False,Polystyrene,PS to adipic acid via benzoic acid,False,3.92,3.186101513,0.75263152,21.67411198,275.5,0.758909049,1.056,1.782,0.0,False,0,0.0,0,0.0,0,0.0,0,0.0,1.0,1.0,1.056,0.9469696969696969,0.0,0.0,0.0,0.0,0.0,0.0,Adipic acid
0.3513080822,Conventional benzene conversion to aniline,23,Aniline,False,Benzene,Conventional benzene conversion to aniline,True,0.33,0.801734511,0.218156597,0.958280063,49.39,0.022671084,0.86,0.06,0.07,False,0,0.0,0,0.0,0,0.0,0,0.0,1.0,1.0,0.86,1.1627906976744187,0.40849777,0.1348042641,0.32750675987554045,0.3914552687709595,0.024509866199999997,0.0285948439,Aniline
0.0,Biomass fermentation to aniline,24,Aniline,False,Herbaceous biomass,Biomass fermentation to aniline,False,1.05,-0.731120028,0.51906301,1.563883763,433.89,0.038279146,2.31,0.579,0.0,False,0,0.0,0,0.0,0,0.0,0,0.0,1.0,1.0,2.31,0.4329004329004329,0.0,0.0,-0.0,0.0,0.0,0.0,Aniline
2.32732903347361,CH4 to benzene via bromination,25,Benzene,True,Methane,CH4 to benzene via bromination,False,0.256,-34.39593125,-1.046469487,-2.633727591,-214.5,-0.056,2.34,1.26,-0.38,False,0,0.0,0,0.0,0,0.0,0,0.0,1.0,1.0,2.34,0.4273504273504274,0.9945850570400043,0.2546137746022411,-34.20967924422531,-2.619466106322568,1.2531771718704054,-0.37794232167520164,Benzene
44.4828573308368,Conventional benzene production,27,Benzene,True,Fossil fuels,Conventional benzene production,True,0.77,1.907,1.498,0.569,9.79,0.0304,7.03,0.031,0.0,False,0,0.0,0,0.0,0,0.0,0,0.0,1.0,1.0,7.03,0.14224751066856328,6.327575722736386,4.872233306507018,12.066686903258288,3.6003905862370034,0.19615484740482797,0.0,Benzene
0.530012284377,Conventional benzene conversion to BPA,33,Bisphenol-A,False,Benzene,Conventional benzene conversion to BPA,True,0.29,1.457446383,0.542592812,0.806515542,1072.3,0.012168177,0.723,0.183,0.0,False,0,0.0,0,0.0,0,0.0,0,0.0,1.0,1.0,0.723,1.3831258644536653,0.733073699,0.21259137270999998,1.0684156110799807,0.5912353316749298,0.134152486917,0.0,Bisphenol-A
7.20058706940137,Conventional butadiene production,34,Butadiene,True,Fossil fuels,Conventional butadiene production,True,0.96,1.232,1.422,0.052,0.53,0.0069,2.34,0.12,0.0,False,0,0.0,0,0.0,0,0.0,0,0.0,1.0,1.0,2.34,0.4273504273504274,3.0771739612826368,2.954087002831331,3.7910783203002083,0.1600130459866971,0.3692608753539164,0.0,Butadiene
0.0,CO2 to butadiene via ethanol,35,Butadiene,True,Carbon dioxide,CO2 to butadiene via ethanol,True,1.47,-0.294479439,0.89,5.769,338.3,0.089,4.06,33.56,0.0,False,0,0.0,0,0.0,0,0.0,0,0.0,1.0,1.0,4.06,0.24630541871921185,0.0,0.0,-0.0,0.0,0.0,0.0,Butadiene
0.802569214611,Propylene conventional conversion to butanol,36,Butanol,False,Propylene,Propylene conventional conversion to butanol,True,0.44,0.965848549,0.262152787,0.72711068,1410.0,0.006568842,0.699,0.256,0.02,False,0,0.0,0,0.0,0,0.0,0,0.0,1.0,1.0,0.699,1.430615164520744,1.148167689,0.5051937831600001,1.1089560964293332,0.8348449891028186,0.29393092838400003,0.02296335378,Butanol
0.0,Biomass fermentation to butanol,37,Butanol,False,Herbaceous biomass,Biomass fermentation to butanol,False,1.31,0.72,0.8889,1.27,671.8,0.02695,5.55,2.314,0.0,False,0,0.0,0,0.0,0,0.0,0,0.0,1.0,1.0,5.55,0.1801801801801802,0.0,0.0,0.0,0.0,0.0,0.0,Butanol
10.4025651503587,Conventional butylene production,38,Butylene,True,Fossil fuels,Conventional butylene production,True,0.68,1.697,1.408,0.092,148.0,0.0159,0.82,0.062,0.0,False,0,0.0,0,0.0,0,0.0,0,0.0,1.0,1.0,0.82,1.2195121951219512,12.686055061413049,8.626517441760873,21.528235439217944,1.1671170656500005,0.786535413807609,0.0,Butylene
0.0,Biomass to butylene via DME,39,Butylene,True,Woody biomass,Biomass to butylene via DME,False,0.94,-2.5,0.2,0.394,2345.9,0.007,2.84,1.14,0.0,False,0,0.0,0,0.0,0,0.0,0,0.0,1.0,1.0,2.84,0.35211267605633806,0.0,0.0,-0.0,0.0,0.0,0.0,Butylene
0.0,CO2 to butylene via ethanol,40,Butylene,True,Carbon dioxide,CO2 to butylene via ethanol,False,2.17,-0.64,0.68,4.407,263.8,0.069,3.04,55.45,0.0,False,0,0.0,0,0.0,0,0.0,0,0.0,1.0,1.0,3.04,0.32894736842105265,0.0,0.0,-0.0,0.0,0.0,0.0,Butylene
0.0,Biomass to butylene via ethanol,41,Butylene,True,Herbaceous biomass,Biomass to butylene via ethanol,False,2.96,0.78,0.87,8.0,1601.0,0.069,9.223,-0.253,0.0,False,0,0.0,0,0.0,0,0.0,0,0.0,1.0,1.0,9.223,0.10842459069717011,0.0,0.0,0.0,0.0,-0.0,0.0,Butylene
0.4811300992,Conventional benzene conversion to caprolactam,42,Caprolactam,False,Benzene,Conventional benzene conversion to caprolactam,True,1.14,4.77984642,1.355575828,9.752883042,134.3,0.165682396,0.95,1.026,0.08,False,0,0.0,0,0.0,0,0.0,0,0.0,1.0,1.0,0.95,1.0526315789473684,0.506452736,0.57735611904,2.420766297068805,4.939374300508903,0.5196205071359999,0.040516218879999996,Caprolactam
0.0,Biomass fermentation to caprolactam,43,Caprolactam,False,Herbaceous biomass,Biomass fermentation to caprolactam,False,1.83,3.810931372,1.418576304,8.745365338,2093.0,0.193030866,9.74,-0.025,0.038,False,0,0.0,0,0.0,0,0.0,0,0.0,1.0,1.0,9.74,0.1026694045174538,0.0,0.0,0.0,0.0,-0.0,0.0,Caprolactam
0.0724166202,Conventional chloroform production,44,Chloroform,False,Methanol,Conventional chloroform production,True,0.65,1.868,0.484,2.36,36.5,0.038,0.3,0.036,0.0,False,0,0.0,0,0.0,0,0.0,0,0.0,1.0,1.0,0.3,3.3333333333333335,0.24138873400000002,0.15690267710000003,0.45091415511200006,0.56967741224,0.008689994424,0.0,Chloroform
0.0,CH4 chlorination to chloroform,45,Chloroform,False,Methane,CH4 chlorination to chloroform,True,0.96,0.054,0.921,5.796,81.8,0.08227,0.289,0.157,0.0,False,0,0.0,0,0.0,0,0.0,0,0.0,1.0,1.0,0.289,3.4602076124567476,0.0,0.0,0.0,0.0,0.0,0.0,Chloroform
0.0512095232,Conventional benzene conversion to KA oil,46,Cyclohexanol-cyclohexanone,False,Benzene,Conventional benzene conversion to KA oil,True,0.56,3.222182231,1.186354288,1.363753969,54.87,0.02253412,1.1,0.2,0.06,False,0,0.0,0,0.0,0,0.0,0,0.0,1.0,1.0,1.1,0.9090909090909091,0.046554112,0.026070302720000004,0.15000583246638388,0.06348835501327053,0.0093108224,0.00279324672,Cyclohexanol-cyclohexanone
0.0,Biomass to KA oil via RCF phenol,47,Cyclohexanol-cyclohexanone,False,Woody biomass,Biomass to KA oil via RCF phenol,False,1.64,1.418618695,1.121213731,4.531911237,122.34,0.034423664,3.72,0.3165,0.195,False,0,0.0,0,0.0,0,0.0,0,0.0,1.0,1.0,3.72,0.26881720430107525,0.0,0.0,0.0,0.0,0.0,0.0,Cyclohexanol-cyclohexanone
0.107939853168,Conventional epichlorohydrin production,48,Epichlorohydrin,False,Propylene,Conventional epichlorohydrin production,True,0.986,2.88,0.6,3.06,62.0,0.038,0.446,0.79,0.0,False,0,0.0,0,0.0,0,0.0,0,0.0,1.0,1.0,0.446,2.242152466367713,0.242017608,0.23862936148799999,0.69701071104,0.74057388048,0.19119391032,0.0,Epichlorohydrin
167.2932049425,Conventional ethanol production,49,Ethanol,True,Herbaceous biomass,Conventional ethanol production,True,0.78,1.885602842,0.7894,2.112,1163.0,0.27611,3.15,0.415,0.0,False,0,0.0,0,0.0,0,0.0,0,0.0,1.0,1.0,3.15,0.31746031746031744,53.10895395,41.424984081,100.14239450376712,112.16611074240001,22.04021588925,0.0,Ethanol
0.0,CO2 fermentation to ethanol,50,Ethanol,True,Carbon dioxide,CO2 fermentation to ethanol,True,0.87,-0.598,0.339,2.759,167.0,0.0438,1.986,15.823,0.0,False,0,0.0,0,0.0,0,0.0,0,0.0,1.0,1.0,1.986,0.5035246727089627,0.0,0.0,-0.0,0.0,0.0,0.0,Ethanol
0.0,Biomass fermentation to ethanol,51,Ethanol,True,Herbaceous biomass,Biomass fermentation to ethanol,True,1.13,0.417,0.463,5.11,1041.0,0.0433,6.03,-0.642,0.0,False,0,0.0,0,0.0,0,0.0,0,0.0,1.0,1.0,6.03,0.16583747927031509,0.0,0.0,0.0,0.0,-0.0,0.0,Ethanol
46.3418584483073,Conventional ethylene production,54,Ethylene,True,Fossil fuels,Conventional ethylene production,True,0.63,1.52,1.43,0.078,0.1,0.011,0.829,0.079,0.0,False,0,0.0,0,0.0,0,0.0,0,0.0,1.0,1.0,0.829,1.2062726176115803,55.900914895424975,35.217576384117734,84.96939064104596,4.360271361843148,4.416172276738573,0.0,Ethylene
0.0,CO2 fermentation to ethylene via ethanol,57,Ethylene,True,Carbon dioxide,CO2 fermentation to ethylene via ethanol,False,1.6,-0.946967914,0.668149713,4.778931302,288.76,0.076308804,3.4,27.3,0.0,False,0,0.0,0,0.0,0,0.0,0,0.0,1.0,1.0,3.4,0.29411764705882354,0.0,0.0,-0.0,0.0,0.0,0.0,Ethylene
0.0,Biomass fermentation to ethylene via ethanol,59,Ethylene,True,Herbaceous biomass,Biomass fermentation to ethylene via ethanol,True,2.04,-1.414967914,0.303264387,2.922519216,1912.55,0.246903698,10.32,0.23,0.0,False,0,0.0,0,0.0,0,0.0,0,0.0,1.0,1.0,10.32,0.09689922480620154,0.0,0.0,-0.0,0.0,0.0,0.0,Ethylene
0.0,CO2 electrolysis to ethylene,60,Ethylene,True,Carbon dioxide,CO2 electrolysis to ethylene,False,3.53,-1.502967914,0.440505582,3.424363252,385.5,0.101864699,5.31,62.9,0.0,False,0,0.0,0,0.0,0,0.0,0,0.0,1.0,1.0,5.31,0.18832391713747648,0.0,0.0,-0.0,0.0,0.0,0.0,Ethylene
5.31038054174,Conventional ethylene conversion to ethylene glycol,61,Ethylene glycol,False,Ethylene,Conventional ethylene conversion to ethylene glycol,True,0.548,0.859169477,0.240551387,0.506231484,14.895,0.016934205,0.59,0.628,0.0,False,0,0.0,0,0.0,0,0.0,0,0.0,1.0,1.0,0.59,1.6949152542372883,9.000644986000001,4.932353452328001,7.733079445284293,4.556409868219939,5.652405051208,0.0,Ethylene glycol
3.7631356192,Ethylene conventional conversion to ethylene oxide,62,Ethylene oxide,False,Ethylene,Ethylene conventional conversion to ethylene oxide,True,0.202,0.880593061,0.218795848,0.64342842,14.74,0.021560611,0.8,0.3,0.0,False,0,0.0,0,0.0,0,0.0,0,0.0,1.0,1.0,0.8,1.25,4.703919524,0.950191743848,4.142238892336823,3.026635507134472,1.4111758572,0.0,Ethylene oxide
8.838390198375,Conventional methanol conversion to formaldehyde,63,Formaldehyde,False,Methanol,Conventional methanol conversion to formaldehyde,True,0.146,0.015973008,0.004682545,0.024215235,1.698,0.000480385,1.215,0.142,0.0,False,0,0.0,0,0.0,0,0.0,0,0.0,1.0,1.0,1.215,0.8230452674897119,7.274395224999999,1.06206170285,0.11619397312408679,0.17615118985625286,1.0329641219499999,0.0,Formaldehyde
0.0,Biomass to formaldehyde via syngas,64,Formaldehyde,False,Woody biomass,Biomass to formaldehyde via syngas,False,0.63,-0.58080286,0.26807483,1.381143074,2984.37,0.021361753,3.55,6.174,0.0,False,0,0.0,0,0.0,0,0.0,0,0.0,1.0,1.0,3.55,0.28169014084507044,0.0,0.0,-0.0,0.0,0.0,0.0,Formaldehyde
0.0,CO2 conversion to formaldehyde via formic acid,65,Formaldehyde,False,Carbon dioxide,CO2 conversion to formaldehyde via formic acid,False,3.83,0.194619644,0.550251075,1.688780273,170.0,0.046245107,2.03,9.02,0.1,False,0,0.0,0,0.0,0,0.0,0,0.0,1.0,1.0,2.03,0.4926108374384237,0.0,0.0,0.0,0.0,0.0,0.0,Formaldehyde
1.38605139463,Conventional glycerol production,66,Glycerol,True,Fossil fuels,Conventional glycerol production,True,0.73,3.478,0.426,2.798,3732.0,0.2064,1.706,0.012,0.0,False,0,0.0,0,0.0,0,0.0,0,0.0,1.0,1.0,1.706,0.5861664712778429,0.812456855,0.59309350415,2.82572494169,2.2732542802899998,0.00974948226,0.0,Glycerol
0.45032597225,Conventional hexamethylenediamine production,67,Hexamethylenediamine,False,Butadiene,Conventional hexamethylenediamine production,True,1.84,4.17,1.43,4.13,43.0,0.032,0.55,0.46,0.07,False,0,0.0,0,0.0,0,0.0,0,0.0,1.0,1.0,0.55,1.8181818181818181,0.818774495,1.5065450708,3.4142896441499997,3.38153866435,0.3766362677,0.05731421465000001,Hexamethylenediamine
0.436868274180001,Biomass fermentation to hexamethylenediamine,68,Hexamethylenediamine,False,Herbaceous biomass,Biomass fermentation to hexamethylenediamine,False,2.7,1.208,0.866,2.5795,1207.0,0.0733,4.602,0.555,0.0,False,0,0.0,0,0.0,0,0.0,0,0.0,1.0,1.0,4.602,0.21729682746631898,0.09493009000000022,0.2563112430000006,0.11467554872000026,0.24487216715500054,0.05268619995000012,0.0,Hexamethylenediamine
0.170492405755,Conventional xylenes conversion to isophthalic acid,69,Isophthalic acid,False,Xylenes,Conventional xylenes conversion to isophthalic acid,True,0.77,1.3968,0.4478,0.517,14.6,0.0087,0.685,0.503,0.0,False,0,0.0,0,0.0,0,0.0,0,0.0,1.0,1.0,0.685,1.4598540145985401,0.248894023,0.19164839771,0.3476551713264,0.128678209891,0.125193693569,0.0,Isophthalic acid
0.3348281737,Conventional propylene conversion to isopropanol,70,Isopropanol,False,Propylene,Conventional propylene conversion to isopropanol,True,0.132,0.886046231,0.234347003,0.257228949,4.31,0.000744188,0.74,0.121,0.0,False,0,0.0,0,0.0,0,0.0,0,0.0,1.0,1.0,0.74,1.3513513513513513,0.452470505,0.05972610666000001,0.40090978559391666,0.11638851245464925,0.054748931105,0.0,Isopropanol
0.0,Biomass fermentation to isopropanol,71,Isopropanol,False,Herbaceous biomass,Biomass fermentation to isopropanol,False,0.34,0.4867,0.5312,2.06,2685.9,0.06697,4.994,-1.71,0.0,False,0,0.0,0,0.0,0,0.0,0,0.0,1.0,1.0,4.994,0.20024028834601523,0.0,0.0,0.0,0.0,-0.0,0.0,Isopropanol
0.0,CO2 fermentation to isopropanol,72,Isopropanol,False,Carbon dioxide,CO2 fermentation to isopropanol,False,1.95,0.11425,0.643,3.477,494.9,0.1044,3.63,14.94,0.0,False,0,0.0,0,0.0,0,0.0,0,0.0,1.0,1.0,3.63,0.27548209366391185,0.0,0.0,0.0,0.0,0.0,0.0,Isopropanol
0.858175098967999,Food waste to lactic acid by AAD,73,Lactic acid,True,Food waste,Food waste to lactic acid by AAD,False,0.76,-1.251,0.0654,0.2597,20.2,0.0055,6.061,0.023,0.0,False,0,0.0,0,0.0,0,0.0,0,0.0,1.0,1.0,6.061,0.1649892756970797,0.14158968799999985,0.10760816287999989,-0.1771286996879998,0.03677084197359996,0.0032565628239999964,0.0,Lactic acid
0.42049746435,Conventional lactic acid production,74,Lactic acid,True,Herbaceous biomass,Conventional lactic acid production,True,2.16,2.92,1.727,3.609,57.0,0.0572,1.15,0.177,0.0,False,0,0.0,0,0.0,0,0.0,0,0.0,1.0,1.0,1.15,0.8695652173913044,0.3656499690000001,0.7898039330400002,1.06769790948,1.3196307381210002,0.06472004451300001,0.0,Lactic acid
1.21876773612,Conventional lysine production,75,Lysine,True,Fossil fuels,Conventional lysine production,True,1.27,4.736720501,1.9256,6.5215,1078.0,0.29961,2.19,1.89,0.0,False,0,0.0,0,0.0,0,0.0,0,0.0,1.0,1.0,2.19,0.4566210045662101,0.556514948,0.70677398396,2.6360557633045487,3.629312233382,1.05181325172,0.0,Lysine
0.84744625949,CO2 fermentation to lysine,76,Lysine,True,Carbon dioxide,CO2 fermentation to lysine,False,1.61,1.010385649,0.825704183,1.534301645,42.5,0.0405,3.23,1.8,0.0,False,0,0.0,0,0.0,0,0.0,0,0.0,1.0,1.0,3.23,0.30959752321981426,0.262367263,0.42241129343000006,0.26509211730260873,0.40255052321504764,0.47226107340000006,0.0,Lysine
0.498373290478,Conventional propylene via butanol to maleic anhydride,77,Maleic anhydride,False,Propylene,Conventional propylene via butanol to maleic anhydride,True,0.37,-2.444234395,-0.680489932,-0.573319,-5.5529,-0.001561929,1.358,0.5,0.0,False,0,0.0,0,0.0,0,0.0,0,0.0,1.0,1.0,1.358,0.7363770250368188,0.36699064099999995,0.13578653716999997,-0.8970111473752971,-0.21040270730747898,0.18349532049999998,0.0,Maleic anhydride
0.0,Conventional butylene conversion to maleic anhydride,78,Maleic anhydride,False,Butylene,Conventional butylene conversion to maleic anhydride,True,0.526,-3.808469029,-1.142282309,-0.113867202,-304.0,-0.014595435,0.955,0.04,0.0,False,0,0.0,0,0.0,0,0.0,0,0.0,1.0,1.0,0.955,1.0471204188481675,0.0,0.0,-0.0,-0.0,0.0,0.0,Maleic anhydride
0.0,Biomass fermentation to maleic anhydride,79,Maleic anhydride,False,Herbaceous biomass,Biomass fermentation to maleic anhydride,False,1.03,-1.352,0.0513,2.785,649.4,0.16983,3.19,11.81,0.0,False,0,0.0,0,0.0,0,0.0,0,0.0,1.0,1.0,3.19,0.31347962382445144,0.0,0.0,-0.0,0.0,0.0,0.0,Maleic anhydride
10.1440451354323,Conventional methanol production,80,Methanol,True,Fossil fuels,Conventional methanol production,True,0.33,0.815,0.751,0.26,5.0,0.005,0.62,0.008,0.0,False,0,0.0,0,0.0,0,0.0,0,0.0,1.0,1.0,0.62,1.6129032258064517,16.361363121665,5.399249830149451,13.334510944156975,4.2539544116329004,0.13089090497332,0.0,Methanol
0.0,Biomass to methanol via syngas,81,Methanol,True,Woody biomass,Biomass to methanol via syngas,True,0.38,-0.772595506,0.176980244,1.551319052,1861.0,0.003396847,2.26,0.0,0.0,False,0,0.0,0,0.0,0,0.0,0,0.0,1.0,1.0,2.26,0.4424778761061947,0.0,0.0,-0.0,0.0,0.0,0.0,Methanol
0.0,Plastic to methanol via syngas,82,Methanol,True,Polyolefins,Plastic to methanol via syngas,False,0.56,0.121,-0.221110018,0.559286278,2.14,0.001599354,0.754,0.462,0.0,False,0,0.0,0,0.0,0,0.0,0,0.0,1.0,1.0,0.754,1.3262599469496021,0.0,0.0,0.0,0.0,0.0,0.0,Methanol
0.0,CO2 to methanol via syngas,83,Methanol,True,Carbon dioxide,CO2 to methanol via syngas,False,0.64,-0.765595506,0.187699891,1.274616878,136.0,0.036612399,1.5,5.5986,0.1375,False,0,0.0,0,0.0,0,0.0,0,0.0,1.0,1.0,1.5,0.6666666666666666,0.0,0.0,-0.0,0.0,0.0,0.0,Methanol
0.0,CO2 to methanol via thermochemistry,84,Methanol,True,Carbon dioxide,CO2 to methanol via thermochemistry,True,0.73,-0.891595506,0.138619448,1.128544961,117.0,0.031124839,1.4,0.3,0.2,False,0,0.0,0,0.0,0,0.0,0,0.0,1.0,1.0,1.4,0.7142857142857143,0.0,0.0,-0.0,0.0,0.0,0.0,Methanol
0.0,CO2 to methanol via electrochemistry,85,Methanol,True,Carbon dioxide,CO2 to methanol via electrochemistry,False,1.03,-0.800595506,0.169311537,1.173386146,131.0,0.034803865,1.39,12.7,0.0,False,0,0.0,0,0.0,0,0.0,0,0.0,1.0,1.0,1.39,0.7194244604316548,0.0,0.0,-0.0,0.0,0.0,0.0,Methanol
0.21780982296,Propylene conventional conversion to methionine,86,Methionine,False,Propylene,Propylene conventional conversion to methionine,True,1.76,2.06,0.931,0.865,23.2,0.019592,0.43,1.03,0.0,False,0,0.0,0,0.0,0,0.0,0,0.0,1.0,1.0,0.43,2.3255813953488373,0.506534472,0.89150067072,1.04346101232,0.43815231828,0.52173050616,0.0,Methionine
0.2960087552,Conventional methanol conversion to methyl chloride,87,Methyl chloride,False,Methanol,Conventional methanol conversion to methyl chloride,True,0.312,1.593026656,0.449682876,1.511492213,57.97,0.031206876,0.635,0.077,0.0,False,0,0.0,0,0.0,0,0.0,0,0.0,1.0,1.0,0.635,1.574803149606299,0.46615551999999993,0.14544052223999998,0.742598169201541,0.7045904385269656,0.03589397504,0.0,Methyl chloride
0.0,CH4 chlorination to methylamine,88,Methyl chloride,False,Methane,CH4 chlorination to methylamine,True,10.62,-4.385356513,1.075972962,5.415335312,85.58,0.084033363,0.19,0.348,0.0,False,0,0.0,0,0.0,0,0.0,0,0.0,1.0,1.0,0.19,5.2631578947368425,0.0,0.0,-0.0,0.0,0.0,0.0,Methyl chloride
0.560317511413,Conventional butylene conversion to MTBE,89,Methyl tert-butyl ether,False,Butylene,Conventional butylene conversion to MTBE,True,0.256,0.422950439,0.120806424,0.473989905,43.72,0.01156601,0.667,0.00999,0.0,False,0,0.0,0,0.0,0,0.0,0,0.0,1.0,1.0,0.667,1.4992503748125936,0.8400562389999999,0.215054397184,0.3553021550697389,0.39817817691826723,0.00839216182761,0.0,Methyl tert-butyl ether
0.37603417185,Conventional methylamine produciton,90,Methylamine,False,Methanol,Conventional methylamine produciton,True,0.787,2.71,0.64,1.74,38.0,0.045,1.35,0.02,0.0,False,0,0.0,0,0.0,0,0.0,0,0.0,1.0,1.0,1.35,0.7407407407407407,0.27854383099999996,0.21921399499699998,0.7548537820099999,0.48466626593999995,0.005570876619999999,0.0,Methylamine
0.046257883315,CH4 photocatalysis to methylamine,91,Methylamine,False,Methane,CH4 photocatalysis to methylamine,False,1.32,-11.25775373,0.870759613,1.188591427,61.32,0.057791581,0.679,7.12,-0.257,False,0,0.0,0,0.0,0,0.0,0,0.0,1.0,1.0,0.679,1.4727540500736376,0.06812648499999999,0.08992696019999999,-0.7669511906205388,0.08097455602264408,0.4850605731999999,-0.017508506644999998,Methylamine
1.105573377896,Conventional benzene conversion to MDI,92,Methylene diphenyl diisocyanate,False,Benzene,Conventional benzene conversion to MDI,True,1.23,1.286546289,0.53282473,1.147349602,42.23,0.022581527,0.446,0.344,0.037,False,0,0.0,0,0.0,0,0.0,0,0.0,1.0,1.0,0.446,2.242152466367713,2.478864076,3.0490028134799996,3.1891733779132134,2.8441237110106976,0.8527292421439998,0.09171797081199999,Methylene diphenyl diisocyanate
0.0,CO2 fermentation to MDI via syngas,93,Methylene diphenyl diisocyanate,False,Carbon dioxide,CO2 fermentation to MDI via syngas,False,1.95,3.189,1.15,4.794,338.3,0.10766,0.539,0.59,0.0,False,0,0.0,0,0.0,0,0.0,0,0.0,1.0,1.0,0.539,1.8552875695732838,0.0,0.0,0.0,0.0,0.0,0.0,Methylene diphenyl diisocyanate
0.0471903923069997,Conventional phenol production,95,Phenol,False,Benzene,Conventional phenol production,True,0.378,1.600978038,0.790365303,0.365206478,7.471,0.00548747,0.909,0.139,0.0,False,0,0.0,0,0.0,0,0.0,0,0.0,1.0,1.0,0.909,1.1001100110011002,0.051914622999999674,0.019623727493999876,0.08311417127404916,0.018959556622527674,0.007216132596999956,0.0,Phenol
0.0,Biomass to phenol via RCF oil,96,Phenol,False,Woody biomass,Biomass to phenol via RCF oil,False,1.15,-0.503992577,0.608283863,3.940181539,91.875,0.026853228,3.92,0.27,0.16,False,0,0.0,0,0.0,0,0.0,0,0.0,1.0,1.0,3.92,0.25510204081632654,0.0,0.0,-0.0,0.0,0.0,0.0,Phenol
7.5099855993975,Biomass to phosgene via syngas,97,Phosgene,True,Woody biomass,Biomass to phosgene via syngas,True,0.63,0.536095026,0.25665353,1.675,1218.0,0.012549528,1.4985,0.285,0.0,False,0,0.0,0,0.0,0,0.0,0,0.0,1.0,1.0,1.4985,0.6673340006673341,5.011668735000001,3.1573513030500004,2.6867306807932128,8.394545131125001,1.428325589475,0.0,Phosgene
0.0,CO2 to phosgene via syngas,98,Phosgene,True,Carbon dioxide,CO2 to phosgene via syngas,False,1.39,0.670095026,0.290091985,1.675,85.3,0.036955297,1.09,4.276,0.043,False,0,0.0,0,0.0,0,0.0,0,0.0,1.0,1.0,1.09,0.9174311926605504,0.0,0.0,0.0,0.0,0.0,0.0,Phosgene
0.0,Conventional phosgene production,99,Phosgene,True,Fossil fuels,Conventional phosgene production,True,2.2,2.375,0.765,2.476,41.0,0.0415,0.278,0.08,0.0,False,0,0.0,0,0.0,0,0.0,0,0.0,1.0,1.0,0.278,3.597122302158273,0.0,0.0,0.0,0.0,0.0,0.0,Phosgene
0.283230879125,Conventional xylenes conversion to phthalic anhydride,100,Phthalic anhydride,False,Xylenes,Conventional xylenes conversion to phthalic anhydride,True,0.493,-1.651122617,-0.462053671,-0.395874282,-4.574,-0.000693393,0.925,0.236,0.0,False,0,0.0,0,0.0,0,0.0,0,0.0,1.0,1.0,0.925,1.081081081081081,0.30619554499999996,0.150954403685,-0.5055663895741411,-0.12121494152847367,0.07226214861999998,0.0,Phthalic anhydride
23.4281404285638,Conventional propylene production,101,Propylene,True,Fossil fuels,Conventional propylene production,True,0.85,1.49,1.457,0.082,0.08,0.0105,1.325,0.041,0.0,False,0,0.0,0,0.0,0,0.0,0,0.0,1.0,1.0,1.325,0.7547169811320755,17.681615417784002,15.0293731051164,26.345606972498164,1.4498924642582882,0.7249462321291441,0.0,Propylene
0.0,CO2 fermentation to propylene via ethanol,104,Propylene,True,Carbon dioxide,CO2 fermentation to propylene via ethanol,False,1.47,-0.942520496,0.58267,5.15528,315.86,0.083021,3.65,29.86,0.0,False,0,0.0,0,0.0,0,0.0,0,0.0,1.0,1.0,3.65,0.273972602739726,0.0,0.0,-0.0,0.0,0.0,0.0,Propylene
0.0,Biomass fermentation to propylene via ethanol,105,Propylene,True,Herbaceous biomass,Biomass fermentation to propylene via ethanol,True,1.47,-1.446520496,0.19054,3.160211,2059.9,0.26635,11.1,0.752,0.0,False,0,0.0,0,0.0,0,0.0,0,0.0,1.0,1.0,11.1,0.0900900900900901,0.0,0.0,-0.0,0.0,0.0,0.0,Propylene
0.465638066229,Conventional propylene conversion to propylene glycol,109,Propylene glycol,False,Propylene,Conventional propylene conversion to propylene glycol,True,0.776,2.661583686,0.882511195,-0.121426313,1302.0,0.059665089,0.687,0.981,0.0,False,0,0.0,0,0.0,0,0.0,0,0.0,1.0,1.0,0.687,1.455604075691412,0.677784667,0.5259609015919999,1.8039806123081426,-0.08230089312174275,0.664906758327,0.0,Propylene glycol
0.0,Lactic acid fermentation to propylene glycol,110,Propylene glycol,False,Lactic acid,Lactic acid fermentation to propylene glycol,False,4.26,-0.875095595,0.272747402,2.395482448,147.6,0.033247134,1.15,1.08,0.0,False,0,0.0,0,0.0,0,0.0,0,0.0,1.0,1.0,1.15,0.8695652173913044,0.0,0.0,-0.0,0.0,0.0,0.0,Propylene glycol
1.2657417758,Conventional propylene conversion to propylene oxide,111,Propylene oxide,False,Propylene,Conventional propylene conversion to propylene oxide,True,1.02,3.871633467,1.138511636,2.689420529,-60.2,0.075993907,0.76,0.95,0.0,False,0,0.0,0,0.0,0,0.0,0,0.0,1.0,1.0,0.76,1.3157894736842106,1.6654497050000001,1.6987586991,6.448010815483278,4.479094626643994,1.5821772197500001,0.0,Propylene oxide
0.0,Conventional sorbitol production,112,Sorbitol,True,Herbaceous biomass,Conventional sorbitol production,True,1.05,1.291474831,0.77336,3.1957,369.0,0.16589,1.33,0.74,0.0,False,0,0.0,0,0.0,0,0.0,0,0.0,1.0,1.0,1.33,0.7518796992481203,0.0,0.0,0.0,0.0,0.0,0.0,Sorbitol
1.531426061958,Biomass fermentation to sorbitol,113,Sorbitol,True,Herbaceous biomass,Biomass fermentation to sorbitol,True,1.31,0.339,0.44,1.178,625.5,0.0241,3.477,0.121,0.012,False,0,0.0,0,0.0,0,0.0,0,0.0,1.0,1.0,3.477,0.2876042565429969,0.44044465400000005,0.5769824967400001,0.14931073770600004,0.518843802412,0.053293803134000006,0.0052853358480000005,Sorbitol
2.852783485816,Benzene conventional conversion to styrene,114,Styrene,False,Benzene,Benzene conventional conversion to styrene,True,0.186,1.009273656,0.626572366,0.082752619,2.545,0.004244234,0.781,0.166,0.0,False,0,0.0,0,0.0,0,0.0,0,0.0,1.0,1.0,0.781,1.2804097311139564,3.652731736,0.679408102896,3.6866059135799465,0.3022731176584166,0.606353468176,0.0,Styrene
5.287311683565,Conventional xylenes conversion to terephthalic acid,115,Terephthalic acid,False,Xylenes,Conventional xylenes conversion to terephthalic acid,True,0.475,1.252771928,0.58595688,0.135107884,10.1,0.011003203,0.653,0.404,0.0,False,0,0.0,0,0.0,0,0.0,0,0.0,1.0,1.0,0.653,1.5313935681470137,8.096955105,3.8460536748749994,10.143638057820292,1.093962471079548,3.27116986242,0.0,Terephthalic acid
0.137293053960135,Conventional butadiene conversion to THF,116,Tetrahydrofuran,False,Butadiene,Conventional butadiene conversion to THF,True,0.693,2.282361131,0.623047472,-3.622892514,-252.6,-0.06557762,0.905,0.536,0.052,False,0,0.0,0,0.0,0,0.0,0,0.0,1.0,1.0,0.905,1.1049723756906078,0.15170503200014918,0.10513158717610337,0.3462456684142517,-0.5496110247694709,0.08131389715207997,0.007888661664007757,Tetrahydrofuran
14.0393330986745,Conventional toluene production,118,Toluene,True,Fossil fuels,Conventional toluene production,True,0.7,1.691,1.371,0.112,2.0,0.0353,1.94,0.008,0.0,False,0,0.0,0,0.0,0,0.0,0,0.0,1.0,1.0,1.94,0.5154639175257733,7.236769638492011,5.065738746944407,12.237377458689991,0.8105181995111053,0.05789415710793609,0.0,Toluene
0.185129744492,Conventional toluene conversion to TDI,124,Toluene diisocyanate,False,Toluene,Conventional toluene conversion to TDI,True,1.35,2.47405268,0.648925497,1.680723018,32.7888,0.028890296,0.308,0.321,0.0,False,0,0.0,0,0.0,0,0.0,0,0.0,1.0,1.0,0.308,3.2467532467532467,0.601070599,0.8114453086500001,1.4870803263251553,1.010233191182348,0.192943662279,0.0,Toluene diisocyanate
0.874148494785,Conventional ethylene conversion to vinyl acetate,125,Vinyl acetate,False,Ethylene,Conventional ethylene conversion to vinyl acetate,True,0.549,1.41191704,0.39464149,3.307335202,80.2,0.02685487,0.353,0.088,0.0,False,0,0.0,0,0.0,0,0.0,0,0.0,1.0,1.0,0.353,2.8328611898017,2.4763413450000002,1.3595113984050002,3.4963885418620193,8.190090902486528,0.21791803836,0.0,Vinyl acetate
8.7654676697,Conventional ethylene conversion to vinyl chloride,126,Vinyl chloride,False,Ethylene,Conventional ethylene conversion to vinyl chloride,True,0.232,1.032178005,0.27734702,0.953841048,19.37,0.021015878,0.49,0.314,0.0015,False,0,0.0,0,0.0,0,0.0,0,0.0,1.0,1.0,0.49,2.0408163265306123,17.88870953,4.150180610960001,18.464332514699887,17.062985445462786,5.61705479242,0.026833064295,Vinyl chloride
21.5390938317191,Conventional xylenes production,128,Xylenes,True,Fossil fuels,Conventional xylenes production,True,0.71,1.837,1.414,0.139,3.0,0.0286,2.29,0.08,0.0,False,0,0.0,0,0.0,0,0.0,0,0.0,1.0,1.0,2.29,0.4366812227074236,9.405717830445022,6.678059659615966,17.278303654527505,1.3073947784318583,0.7524574264356018,0.0,Xylenes
